{"mse": 0.002416962886243776, "r2": 0.9950107918237644}